<?xml version="1.0" encoding="UTF-8"?> 
<java version="1.6.0_13" class="java.beans.XMLDecoder"> 
 <object class="com.ti.dvt.profile.Model"> 
  <void property="activities"> 
   <void method="add"> 
    <object class="com.ti.dvt.profile.ActivityInfo"> 
     <void property="enable"> 
      <boolean>true</boolean> 
     </void> 
     <void property="name"> 
      <string>Collect Code Coverage and Exclusive Profile Data</string> 
     </void> 
    </object> 
   </void> 
   <void method="add"> 
    <object class="com.ti.dvt.profile.ActivityInfo"> 
     <void property="enable"> 
      <boolean>true</boolean> 
     </void> 
     <void property="name"> 
      <string>Profile all Functions for CPU Cycles</string> 
     </void> 
    </object> 
   </void> 
  </void> 
  <void property="name"> 
   <string>Configuration 1</string> 
  </void> 
  <void property="targetType"> 
   <string>140641</string> 
  </void> 
 </object> 
</java> 
