"filename","funcname",line number,column number,frequency count,"comment"
"C:\git\ARQAVANZADA\ComposeStudioFiltroFir\basico_main/Ejemplo_comienzo.c","_obtenerValores",22,8,41,"fich_num = fopen("Coeficientes.csv", "r")"
"C:\git\ARQAVANZADA\ComposeStudioFiltroFir\basico_main/Ejemplo_comienzo.c","_obtenerValores",24,2,41,"( fich_num !=  ) "
"C:\git\ARQAVANZADA\ComposeStudioFiltroFir\basico_main/Ejemplo_comienzo.c","_obtenerValores",24,2,24,"goto g-1#24"
"C:\git\ARQAVANZADA\ComposeStudioFiltroFir\basico_main/Ejemplo_comienzo.c","_obtenerValores",28,3,24,"printf("\nNo se puede abrir fichero: Coeficientes.csv")"
"C:\git\ARQAVANZADA\ComposeStudioFiltroFir\basico_main/Ejemplo_comienzo.c","_obtenerValores",29,3,24,"printf("\nUsando valores por defecto")"
"C:\git\ARQAVANZADA\ComposeStudioFiltroFir\basico_main/Ejemplo_comienzo.c","_obtenerValores",31,3,24,"nc = "
"C:\git\ARQAVANZADA\ComposeStudioFiltroFir\basico_main/Ejemplo_comienzo.c","_obtenerValores",32,3,24,"v_coef = &v_coef_default[0]"
"C:\git\ARQAVANZADA\ComposeStudioFiltroFir\basico_main/Ejemplo_comienzo.c","_obtenerValores",33,2,24,"goto g2#24"
"C:\git\ARQAVANZADA\ComposeStudioFiltroFir\basico_main/Ejemplo_comienzo.c","_obtenerValores",38,3,15,"nc = "
"C:\git\ARQAVANZADA\ComposeStudioFiltroFir\basico_main/Ejemplo_comienzo.c","_obtenerValores",39,10,15,"( feof(fich_num) ==  ) "
"C:\git\ARQAVANZADA\ComposeStudioFiltroFir\basico_main/Ejemplo_comienzo.c","_obtenerValores",39,10,8,"goto g4#8"
"C:\git\ARQAVANZADA\ComposeStudioFiltroFir\basico_main/Ejemplo_comienzo.c","_obtenerValores",41,4,644,"fscanf(fich_num, "%f", &borradorFloat)"
"C:\git\ARQAVANZADA\ComposeStudioFiltroFir\basico_main/Ejemplo_comienzo.c","_obtenerValores",42,4,644,"nc++"
"C:\git\ARQAVANZADA\ComposeStudioFiltroFir\basico_main/Ejemplo_comienzo.c","_obtenerValores",43,4,644,"( feof(fich_num) ==  ) "
"C:\git\ARQAVANZADA\ComposeStudioFiltroFir\basico_main/Ejemplo_comienzo.c","_obtenerValores",43,4,2,"goto g5#2"
"C:\git\ARQAVANZADA\ComposeStudioFiltroFir\basico_main/Ejemplo_comienzo.c","_obtenerValores",44,5,642,"fscanf(fich_num, "%c", &borradorCaracter)"
"C:\git\ARQAVANZADA\ComposeStudioFiltroFir\basico_main/Ejemplo_comienzo.c","_obtenerValores",39,10,644,"( feof(fich_num) ==  ) "
"C:\git\ARQAVANZADA\ComposeStudioFiltroFir\basico_main/Ejemplo_comienzo.c","_obtenerValores",39,10,7,"goto g-7#7"
"C:\git\ARQAVANZADA\ComposeStudioFiltroFir\basico_main/Ejemplo_comienzo.c","_obtenerValores",48,3,47,"v_coef = malloc(nc*)"
"C:\git\ARQAVANZADA\ComposeStudioFiltroFir\basico_main/Ejemplo_comienzo.c","_obtenerValores",49,3,47,"fseek(fich_num, , )"
"C:\git\ARQAVANZADA\ComposeStudioFiltroFir\basico_main/Ejemplo_comienzo.c","_obtenerValores",51,3,47,"nc = "
"C:\git\ARQAVANZADA\ComposeStudioFiltroFir\basico_main/Ejemplo_comienzo.c","_obtenerValores",52,10,47,"( feof(fich_num) ==  ) "
"C:\git\ARQAVANZADA\ComposeStudioFiltroFir\basico_main/Ejemplo_comienzo.c","_obtenerValores",52,10,16,"goto g7#16"
"C:\git\ARQAVANZADA\ComposeStudioFiltroFir\basico_main/Ejemplo_comienzo.c","_obtenerValores",54,4,644,"fscanf(fich_num, "%f", v_coef+nc*4)"
"C:\git\ARQAVANZADA\ComposeStudioFiltroFir\basico_main/Ejemplo_comienzo.c","_obtenerValores",55,4,644,"nc++"
"C:\git\ARQAVANZADA\ComposeStudioFiltroFir\basico_main/Ejemplo_comienzo.c","_obtenerValores",56,4,644,"( feof(fich_num) ==  ) "
"C:\git\ARQAVANZADA\ComposeStudioFiltroFir\basico_main/Ejemplo_comienzo.c","_obtenerValores",56,4,488,"goto g8#488"
"C:\git\ARQAVANZADA\ComposeStudioFiltroFir\basico_main/Ejemplo_comienzo.c","_obtenerValores",57,5,156,"fscanf(fich_num, "%c", &borradorCaracter)"
"C:\git\ARQAVANZADA\ComposeStudioFiltroFir\basico_main/Ejemplo_comienzo.c","_obtenerValores",52,10,644,"( feof(fich_num) ==  ) "
"C:\git\ARQAVANZADA\ComposeStudioFiltroFir\basico_main/Ejemplo_comienzo.c","_obtenerValores",52,10,31,"goto g-13#31"
"C:\git\ARQAVANZADA\ComposeStudioFiltroFir\basico_main/Ejemplo_comienzo.c","_obtenerValores",61,3,47,"fclose(fich_num)"
"C:\git\ARQAVANZADA\ComposeStudioFiltroFir\basico_main/Ejemplo_comienzo.c","_obtenerValores",66,11,71,"tmp = "
"C:\git\ARQAVANZADA\ComposeStudioFiltroFir\basico_main/Ejemplo_comienzo.c","_obtenerValores",66,20,71,"( tmp >= nc ) "
"C:\git\ARQAVANZADA\ComposeStudioFiltroFir\basico_main/Ejemplo_comienzo.c","_obtenerValores",66,20,39,"goto g-15#39"
"C:\git\ARQAVANZADA\ComposeStudioFiltroFir\basico_main/Ejemplo_comienzo.c","_obtenerValores",67,6,668,"printf("\nCoeficiente %d: %lf", tmp, v_coef[tmp])"
"C:\git\ARQAVANZADA\ComposeStudioFiltroFir\basico_main/Ejemplo_comienzo.c","_obtenerValores",66,30,668,"tmp++"
"C:\git\ARQAVANZADA\ComposeStudioFiltroFir\basico_main/Ejemplo_comienzo.c","_obtenerValores",66,20,668,"( tmp >= nc ) "
"C:\git\ARQAVANZADA\ComposeStudioFiltroFir\basico_main/Ejemplo_comienzo.c","_obtenerValores",66,20,629,"goto g9#629"
"C:\git\ARQAVANZADA\ComposeStudioFiltroFir\basico_main/Ejemplo_comienzo.c","_obtenerValores",72,2,71,"fich_num = fopen("musica4.csv", "r")"
"C:\git\ARQAVANZADA\ComposeStudioFiltroFir\basico_main/Ejemplo_comienzo.c","_obtenerValores",74,2,71,"( fich_num !=  ) "
"C:\git\ARQAVANZADA\ComposeStudioFiltroFir\basico_main/Ejemplo_comienzo.c","_obtenerValores",74,2,46,"goto g-19#46"
"C:\git\ARQAVANZADA\ComposeStudioFiltroFir\basico_main/Ejemplo_comienzo.c","_obtenerValores",78,3,46,"printf("\nNo se puede abrir fichero: musica4.csv")"
"C:\git\ARQAVANZADA\ComposeStudioFiltroFir\basico_main/Ejemplo_comienzo.c","_obtenerValores",79,3,46,"printf("\nUsando valores por defecto")"
"C:\git\ARQAVANZADA\ComposeStudioFiltroFir\basico_main/Ejemplo_comienzo.c","_obtenerValores",81,3,46,"nv = "
"C:\git\ARQAVANZADA\ComposeStudioFiltroFir\basico_main/Ejemplo_comienzo.c","_obtenerValores",82,3,46,"v_datos = &v_datos_default[0]"
"C:\git\ARQAVANZADA\ComposeStudioFiltroFir\basico_main/Ejemplo_comienzo.c","_obtenerValores",83,2,46,"goto g12#46"
"C:\git\ARQAVANZADA\ComposeStudioFiltroFir\basico_main/Ejemplo_comienzo.c","_obtenerValores",89,3,25,"nv = "
"C:\git\ARQAVANZADA\ComposeStudioFiltroFir\basico_main/Ejemplo_comienzo.c","_obtenerValores",90,10,25,"( feof(fich_num) ==  ) "
"C:\git\ARQAVANZADA\ComposeStudioFiltroFir\basico_main/Ejemplo_comienzo.c","_obtenerValores",90,10,0,"goto g14#0"
"C:\git\ARQAVANZADA\ComposeStudioFiltroFir\basico_main/Ejemplo_comienzo.c","_obtenerValores",90,10,25,"( nv >=  ) "
"C:\git\ARQAVANZADA\ComposeStudioFiltroFir\basico_main/Ejemplo_comienzo.c","_obtenerValores",90,10,25,"goto g-21#25"
"C:\git\ARQAVANZADA\ComposeStudioFiltroFir\basico_main/Ejemplo_comienzo.c","_obtenerValores",92,4,80520,"fscanf(fich_num, "%f", &borradorFloat)"
"C:\git\ARQAVANZADA\ComposeStudioFiltroFir\basico_main/Ejemplo_comienzo.c","_obtenerValores",93,4,80520,"nv++"
"C:\git\ARQAVANZADA\ComposeStudioFiltroFir\basico_main/Ejemplo_comienzo.c","_obtenerValores",94,4,80520,"( feof(fich_num) ==  ) "
"C:\git\ARQAVANZADA\ComposeStudioFiltroFir\basico_main/Ejemplo_comienzo.c","_obtenerValores",94,4,2,"goto g15#2"
"C:\git\ARQAVANZADA\ComposeStudioFiltroFir\basico_main/Ejemplo_comienzo.c","_obtenerValores",95,5,80518,"fscanf(fich_num, "%c", &borradorCaracter)"
"C:\git\ARQAVANZADA\ComposeStudioFiltroFir\basico_main/Ejemplo_comienzo.c","_obtenerValores",90,10,80520,"( feof(fich_num) ==  ) "
"C:\git\ARQAVANZADA\ComposeStudioFiltroFir\basico_main/Ejemplo_comienzo.c","_obtenerValores",90,10,2,"goto g-27#2"
"C:\git\ARQAVANZADA\ComposeStudioFiltroFir\basico_main/Ejemplo_comienzo.c","_obtenerValores",90,10,80518,"( nv >=  ) "
"C:\git\ARQAVANZADA\ComposeStudioFiltroFir\basico_main/Ejemplo_comienzo.c","_obtenerValores",90,10,80495,"goto g13#80495"
"C:\git\ARQAVANZADA\ComposeStudioFiltroFir\basico_main/Ejemplo_comienzo.c","_obtenerValores",99,3,25,"v_datos = malloc(nv*)"
"C:\git\ARQAVANZADA\ComposeStudioFiltroFir\basico_main/Ejemplo_comienzo.c","_obtenerValores",100,3,25,"fseek(fich_num, , )"
"C:\git\ARQAVANZADA\ComposeStudioFiltroFir\basico_main/Ejemplo_comienzo.c","_obtenerValores",102,3,25,"nv = "
"C:\git\ARQAVANZADA\ComposeStudioFiltroFir\basico_main/Ejemplo_comienzo.c","_obtenerValores",103,10,25,"( feof(fich_num) ==  ) "
"C:\git\ARQAVANZADA\ComposeStudioFiltroFir\basico_main/Ejemplo_comienzo.c","_obtenerValores",103,10,0,"goto g17#0"
"C:\git\ARQAVANZADA\ComposeStudioFiltroFir\basico_main/Ejemplo_comienzo.c","_obtenerValores",103,10,25,"( nv >=  ) "
"C:\git\ARQAVANZADA\ComposeStudioFiltroFir\basico_main/Ejemplo_comienzo.c","_obtenerValores",103,10,25,"goto g-31#25"
"C:\git\ARQAVANZADA\ComposeStudioFiltroFir\basico_main/Ejemplo_comienzo.c","_obtenerValores",105,4,80520,"fscanf(fich_num, "%f", v_datos+nv*4)"
"C:\git\ARQAVANZADA\ComposeStudioFiltroFir\basico_main/Ejemplo_comienzo.c","_obtenerValores",106,4,80520,"nv++"
"C:\git\ARQAVANZADA\ComposeStudioFiltroFir\basico_main/Ejemplo_comienzo.c","_obtenerValores",107,4,80520,"( feof(fich_num) ==  ) "
"C:\git\ARQAVANZADA\ComposeStudioFiltroFir\basico_main/Ejemplo_comienzo.c","_obtenerValores",107,4,2,"goto g18#2"
"C:\git\ARQAVANZADA\ComposeStudioFiltroFir\basico_main/Ejemplo_comienzo.c","_obtenerValores",108,5,80518,"fscanf(fich_num, "%c", &borradorCaracter)"
"C:\git\ARQAVANZADA\ComposeStudioFiltroFir\basico_main/Ejemplo_comienzo.c","_obtenerValores",103,10,80520,"( feof(fich_num) ==  ) "
"C:\git\ARQAVANZADA\ComposeStudioFiltroFir\basico_main/Ejemplo_comienzo.c","_obtenerValores",103,10,2,"goto g-37#2"
"C:\git\ARQAVANZADA\ComposeStudioFiltroFir\basico_main/Ejemplo_comienzo.c","_obtenerValores",103,10,80518,"( nv >=  ) "
"C:\git\ARQAVANZADA\ComposeStudioFiltroFir\basico_main/Ejemplo_comienzo.c","_obtenerValores",103,10,80495,"goto g16#80495"
"C:\git\ARQAVANZADA\ComposeStudioFiltroFir\basico_main/Ejemplo_comienzo.c","_obtenerValores",112,3,25,"fclose(fich_num)"
"C:\git\ARQAVANZADA\ComposeStudioFiltroFir\basico_main/Ejemplo_comienzo.c","_obtenerValores",116,12,71,"tmp = "
"C:\git\ARQAVANZADA\ComposeStudioFiltroFir\basico_main/Ejemplo_comienzo.c","_obtenerValores",116,21,71,"( tmp >= nv ) "
"C:\git\ARQAVANZADA\ComposeStudioFiltroFir\basico_main/Ejemplo_comienzo.c","_obtenerValores",116,21,71,"goto g-41#71"
"C:\git\ARQAVANZADA\ComposeStudioFiltroFir\basico_main/Ejemplo_comienzo.c","_obtenerValores",117,7,80678,"printf("\nValor %d: %lf", tmp, v_datos[tmp])"
"C:\git\ARQAVANZADA\ComposeStudioFiltroFir\basico_main/Ejemplo_comienzo.c","_obtenerValores",116,31,80678,"tmp++"
"C:\git\ARQAVANZADA\ComposeStudioFiltroFir\basico_main/Ejemplo_comienzo.c","_obtenerValores",116,21,80678,"( tmp >= nv ) "
"C:\git\ARQAVANZADA\ComposeStudioFiltroFir\basico_main/Ejemplo_comienzo.c","_obtenerValores",116,21,80607,"goto g19#80607"
"C:\git\ARQAVANZADA\ComposeStudioFiltroFir\basico_main/Ejemplo_comienzo.c","_obtenerValores",120,1,71,"return"
"C:\git\ARQAVANZADA\ComposeStudioFiltroFir\basico_main/Ejemplo_comienzo.c","_filtro_fir",126,9,7,"indiceValor = "
"C:\git\ARQAVANZADA\ComposeStudioFiltroFir\basico_main/Ejemplo_comienzo.c","_filtro_fir",126,26,7,"( indiceValor >= nv ) "
"C:\git\ARQAVANZADA\ComposeStudioFiltroFir\basico_main/Ejemplo_comienzo.c","_filtro_fir",126,26,56197,"goto g-46#56197"
"C:\git\ARQAVANZADA\ComposeStudioFiltroFir\basico_main/Ejemplo_comienzo.c","_filtro_fir",128,4,1259090,"salida = "
"C:\git\ARQAVANZADA\ComposeStudioFiltroFir\basico_main/Ejemplo_comienzo.c","_filtro_fir",131,12,1259090,"indiceCoeficiente = "
"C:\git\ARQAVANZADA\ComposeStudioFiltroFir\basico_main/Ejemplo_comienzo.c","_filtro_fir",131,33,1259090,"( indiceCoeficiente >= nc ) "
"C:\git\ARQAVANZADA\ComposeStudioFiltroFir\basico_main/Ejemplo_comienzo.c","_filtro_fir",131,33,1254374,"goto g-48#1254374"
"C:\git\ARQAVANZADA\ComposeStudioFiltroFir\basico_main/Ejemplo_comienzo.c","_filtro_fir",133,9,1969202,"tmp = indiceValor-indiceCoeficiente"
"C:\git\ARQAVANZADA\ComposeStudioFiltroFir\basico_main/Ejemplo_comienzo.c","_filtro_fir",134,8,1969202,"( tmp <  ) "
"C:\git\ARQAVANZADA\ComposeStudioFiltroFir\basico_main/Ejemplo_comienzo.c","_filtro_fir",134,8,537421,"goto g-51#537421"
"C:\git\ARQAVANZADA\ComposeStudioFiltroFir\basico_main/Ejemplo_comienzo.c","_filtro_fir",134,8,537725,"( tmp >= nv ) "
"C:\git\ARQAVANZADA\ComposeStudioFiltroFir\basico_main/Ejemplo_comienzo.c","_filtro_fir",134,8,537573,"goto g-50#537573"
"C:\git\ARQAVANZADA\ComposeStudioFiltroFir\basico_main/Ejemplo_comienzo.c","_filtro_fir",137,9,537573,"valorEntrada = v_datos[tmp]"
"C:\git\ARQAVANZADA\ComposeStudioFiltroFir\basico_main/Ejemplo_comienzo.c","_filtro_fir",137,9,537573,"goto g6#537573"
"C:\git\ARQAVANZADA\ComposeStudioFiltroFir\basico_main/Ejemplo_comienzo.c","_filtro_fir",139,9,2277,"valorEntrada = "
"C:\git\ARQAVANZADA\ComposeStudioFiltroFir\basico_main/Ejemplo_comienzo.c","_filtro_fir",141,8,889806,"salida = salida+v_coef[indiceCoeficiente]*valorEntrada"
"C:\git\ARQAVANZADA\ComposeStudioFiltroFir\basico_main/Ejemplo_comienzo.c","_filtro_fir",131,56,889806,"indiceCoeficiente++"
"C:\git\ARQAVANZADA\ComposeStudioFiltroFir\basico_main/Ejemplo_comienzo.c","_filtro_fir",131,33,889806,"( indiceCoeficiente >= nc ) "
"C:\git\ARQAVANZADA\ComposeStudioFiltroFir\basico_main/Ejemplo_comienzo.c","_filtro_fir",131,33,714828,"goto g3#714828"
"C:\git\ARQAVANZADA\ComposeStudioFiltroFir\basico_main/Ejemplo_comienzo.c","_filtro_fir",126,44,2226092,"indiceValor++"
"C:\git\ARQAVANZADA\ComposeStudioFiltroFir\basico_main/Ejemplo_comienzo.c","_filtro_fir",126,26,2226092,"( indiceValor >= nv ) "
"C:\git\ARQAVANZADA\ComposeStudioFiltroFir\basico_main/Ejemplo_comienzo.c","_filtro_fir",126,26,1202893,"goto g1#1202893"
"C:\git\ARQAVANZADA\ComposeStudioFiltroFir\basico_main/Ejemplo_comienzo.c","_filtro_fir",148,1,1023199,"return"
"C:\git\ARQAVANZADA\ComposeStudioFiltroFir\basico_main/Ejemplo_comienzo.c","_main",152,1,249,"obtenerValores()"
"C:\git\ARQAVANZADA\ComposeStudioFiltroFir\basico_main/Ejemplo_comienzo.c","_main",154,1,249,"filtro_fir()"
"C:\git\ARQAVANZADA\ComposeStudioFiltroFir\basico_main/Ejemplo_comienzo.c","_main",157,1,249,"return"
